INSERT INTO department(d_id,d_name,d_mng) VALUES("1001","机械工程学院","陈霸");
INSERT INTO department(d_id,d_name,d_mng) VALUES("1002","生物科学与技术学院","刘二");
INSERT INTO department(d_id,d_name,d_mng) VALUES("1003","经济管理学院","刘十一");
INSERT INTO department(d_id,d_name,d_mng) VALUES("1004","电子信息与光学工程学院","李四");
INSERT INTO department(d_id,d_name,d_mng) VALUES("1005","土木工程学院","风雷");
INSERT INTO department(d_id,d_name,d_mng) VALUES("1006","外语学院","王然");
INSERT INTO department(d_id,d_name,d_mng) VALUES("1007","材料科学与工程学院","吴思");
INSERT INTO department(d_id,d_name,d_mng) VALUES("1008","法学院","刘伟");
INSERT INTO department(d_id,d_name,d_mng) VALUES("1009","环境科学与工程学院","黄丝");
INSERT INTO department(d_id,d_name,d_mng) VALUES("1010","艺术设计学院","赵十二");

INSERT INTO major(m_id,d_id,m_name) VALUES("52001","1001","机械工程");
INSERT INTO major(m_id,d_id,m_name) VALUES("52002","1001","机械设计与制造");
INSERT INTO major(m_id,d_id,m_name) VALUES("52003","1002","生物高新科技");
INSERT INTO major(m_id,d_id,m_name) VALUES("52004","1002","生物医学工程");
INSERT INTO major(m_id,d_id,m_name) VALUES("52005","1003","经济学");
INSERT INTO major(m_id,d_id,m_name) VALUES("52006","1003","管理学");
INSERT INTO major(m_id,d_id,m_name) VALUES("52007","1004","电子科学与技术");
INSERT INTO major(m_id,d_id,m_name) VALUES("52008","1004","微电子工程");
INSERT INTO major(m_id,d_id,m_name) VALUES("52009","1005","土木工程");
INSERT INTO major(m_id,d_id,m_name) VALUES("52010","1005","水利水电工程");
INSERT INTO major(m_id,d_id,m_name) VALUES("52011","1006","法语");
INSERT INTO major(m_id,d_id,m_name) VALUES("52012","1006","德语");
INSERT INTO major(m_id,d_id,m_name) VALUES("52013","1007","高分子材料与工程");
INSERT INTO major(m_id,d_id,m_name) VALUES("52014","1007","高新弹性材料");
INSERT INTO major(m_id,d_id,m_name) VALUES("52015","1008","刑法");
INSERT INTO major(m_id,d_id,m_name) VALUES("52016","1008","国家安全管理");
INSERT INTO major(m_id,d_id,m_name) VALUES("52017","1009","环境科学工程");
INSERT INTO major(m_id,d_id,m_name) VALUES("52018","1009","环境工程技术");
INSERT INTO major(m_id,d_id,m_name) VALUES("52019","1010","艺术设计");
INSERT INTO major(m_id,d_id,m_name) VALUES("52020","1010","视觉传递设计");


INSERT INTO teacher(t_id,d_id,t_name,t_sex,t_position) VALUES("521001","1001","卢志铭","男","讲师");
INSERT INTO teacher(t_id,d_id,t_name,t_sex,t_position) VALUES("521002","1001","陈文婷","女","讲师");
INSERT INTO teacher(t_id,d_id,t_name,t_sex,t_position) VALUES("521003","1001","黎明","男","讲师");
INSERT INTO teacher(t_id,d_id,t_name,t_sex,t_position) VALUES("521004","1001","王静","男","讲师");
INSERT INTO teacher(t_id,d_id,t_name,t_sex,t_position) VALUES("521005","1002","吴韵如","女","副教授");
INSERT INTO teacher(t_id,d_id,t_name,t_sex,t_position) VALUES("521006","1002","朱政廷","男","讲师");
INSERT INTO teacher(t_id,d_id,t_name,t_sex,t_position) VALUES("521007","1002","陈美华","女","讲师");
INSERT INTO teacher(t_id,d_id,t_name,t_sex,t_position) VALUES("521008","1002","方一强","男","讲师");
INSERT INTO teacher(t_id,d_id,t_name,t_sex,t_position) VALUES("521009","1003","王俊民","男","讲师");
INSERT INTO teacher(t_id,d_id,t_name,t_sex,t_position) VALUES("521010","1003","吴美玉","女","讲师");
INSERT INTO teacher(t_id,d_id,t_name,t_sex,t_position) VALUES("521011","1003","周逸珮","男","副教授");
INSERT INTO teacher(t_id,d_id,t_name,t_sex,t_position) VALUES("521012","1003","林玟书","男","讲师");
INSERT INTO teacher(t_id,d_id,t_name,t_sex,t_position) VALUES("521013","1004","黄阳","女","讲师");
INSERT INTO teacher(t_id,d_id,t_name,t_sex,t_position) VALUES("521014","1004","黎宏儒","男","讲师");
INSERT INTO teacher(t_id,d_id,t_name,t_sex,t_position) VALUES("521015","1004","阮馨学","女","讲师");
INSERT INTO teacher(t_id,d_id,t_name,t_sex,t_position) VALUES("521016","1004","翁惠珠","女","副教授");
INSERT INTO teacher(t_id,d_id,t_name,t_sex,t_position) VALUES("521017","1005","山清水","男","讲师");
INSERT INTO teacher(t_id,d_id,t_name,t_sex,t_position) VALUES("521018","1005","周白芷","女","讲师");
INSERT INTO teacher(t_id,d_id,t_name,t_sex,t_position) VALUES("521019","1005","舒绿珮","男","讲师");
INSERT INTO teacher(t_id,d_id,t_name,t_sex,t_position) VALUES("521020","1005","王磊","男","讲师");
INSERT INTO teacher(t_id,d_id,t_name,t_sex,t_position) VALUES("521021","1006","徐采伶","女","讲师");
INSERT INTO teacher(t_id,d_id,t_name,t_sex,t_position) VALUES("521022","1006","张力","女","讲师");
INSERT INTO teacher(t_id,d_id,t_name,t_sex,t_position) VALUES("521023","1006","吴耀华","男","讲师");
INSERT INTO teacher(t_id,d_id,t_name,t_sex,t_position) VALUES("521024","1006","陈智筠","男","教授");
INSERT INTO teacher(t_id,d_id,t_name,t_sex,t_position) VALUES("521025","1007","潘吉维","男","讲师");
INSERT INTO teacher(t_id,d_id,t_name,t_sex,t_position) VALUES("521026","1007","郑煤丽","男","讲师");
INSERT INTO teacher(t_id,d_id,t_name,t_sex,t_position) VALUES("521027","1007","黄伟依","男","讲师");
INSERT INTO teacher(t_id,d_id,t_name,t_sex,t_position) VALUES("521028","1007","李莉水","女","讲师");
INSERT INTO teacher(t_id,d_id,t_name,t_sex,t_position) VALUES("521029","1008","胡睿纯","男","教授");
INSERT INTO teacher(t_id,d_id,t_name,t_sex,t_position) VALUES("521030","1008","徐婷婷","男","讲师");
INSERT INTO teacher(t_id,d_id,t_name,t_sex,t_position) VALUES("521031","1008","叶元映","男","讲师");
INSERT INTO teacher(t_id,d_id,t_name,t_sex,t_position) VALUES("521032","1008","金雅琪","女","讲师");
INSERT INTO teacher(t_id,d_id,t_name,t_sex,t_position) VALUES("521033","1009","叶洁辰","男","讲师");
INSERT INTO teacher(t_id,d_id,t_name,t_sex,t_position) VALUES("521034","1009","梁哲宇","男","教授");
INSERT INTO teacher(t_id,d_id,t_name,t_sex,t_position) VALUES("521035","1009","郭冰星","男","讲师");
INSERT INTO teacher(t_id,d_id,t_name,t_sex,t_position) VALUES("521036","1009","陈百菁","男","讲师");
INSERT INTO teacher(t_id,d_id,t_name,t_sex,t_position) VALUES("521037","1010","丁汉","男","讲师");
INSERT INTO teacher(t_id,d_id,t_name,t_sex,t_position) VALUES("521038","1010","郑士瀚","男","讲师");
INSERT INTO teacher(t_id,d_id,t_name,t_sex,t_position) VALUES("521039","1010","邱雅雯","女","讲师");
INSERT INTO teacher(t_id,d_id,t_name,t_sex,t_position) VALUES("521040","1010","雷招财","男","讲师");


INSERT INTO course(c_id,t_id,d_id,c_name,credit) VALUES("1314001","521001","1001","机械工程导论","3");
INSERT INTO course(c_id,t_id,d_id,c_name,credit) VALUES("1314002","521003","1001","机械工程分论","3");
INSERT INTO course(c_id,t_id,d_id,c_name,credit) VALUES("1314003","521004","1001","机械前景应用","4");
INSERT INTO course(c_id,t_id,d_id,c_name,credit) VALUES("1314004","521002","1001","机械技术前沿","3");
INSERT INTO course(c_id,t_id,d_id,c_name,credit) VALUES("1314005","521007","1002","植物学","2.5");
INSERT INTO course(c_id,t_id,d_id,c_name,credit) VALUES("1314006","521008","1002","生物实践课","3");
INSERT INTO course(c_id,t_id,d_id,c_name,credit) VALUES("1314007","521005","1002","解剖学","1.5");
INSERT INTO course(c_id,t_id,d_id,c_name,credit) VALUES("1314008","521006","1002","生物前沿","4");
INSERT INTO course(c_id,t_id,d_id,c_name,credit) VALUES("1314009","521009","1003","二级市场投资学","2");
INSERT INTO course(c_id,t_id,d_id,c_name,credit) VALUES("1314010","521012","1003","政治经济原理","3.5");
INSERT INTO course(c_id,t_id,d_id,c_name,credit) VALUES("1314011","521010","1003","西方经济学","3.5");
INSERT INTO course(c_id,t_id,d_id,c_name,credit) VALUES("1314012","521014","1004","模拟电路","2");
INSERT INTO course(c_id,t_id,d_id,c_name,credit) VALUES("1314013","521016","1004","数字逻辑","3");
INSERT INTO course(c_id,t_id,d_id,c_name,credit) VALUES("1314014","521013","1004","光学导论","2");
INSERT INTO course(c_id,t_id,d_id,c_name,credit) VALUES("1314015","521017","1005","土木工程导论","1.5");
INSERT INTO course(c_id,t_id,d_id,c_name,credit) VALUES("1314016","521018","1005","道路设计","2");
INSERT INTO course(c_id,t_id,d_id,c_name,credit) VALUES("1314017","521021","1006","托福英语培养","2.5");
INSERT INTO course(c_id,t_id,d_id,c_name,credit) VALUES("1314018","521024","1006","跨文化英语","4");
INSERT INTO course(c_id,t_id,d_id,c_name,credit) VALUES("1314019","521028","1007","人类与材料","3");
INSERT INTO course(c_id,t_id,d_id,c_name,credit) VALUES("1314020","521027","1007","材料制造原理","3.5");
INSERT INTO course(c_id,t_id,d_id,c_name,credit) VALUES("1314021","521026","1007","材料高级基础","3");
INSERT INTO course(c_id,t_id,d_id,c_name,credit) VALUES("1314022","521029","1008","刑法分论","4.5");
INSERT INTO course(c_id,t_id,d_id,c_name,credit) VALUES("1314023","521032","1008","国家治安法导论","2.5");
INSERT INTO course(c_id,t_id,d_id,c_name,credit) VALUES("1314024","521033","1009","北美绿色环境工程分析","5");
INSERT INTO course(c_id,t_id,d_id,c_name,credit) VALUES("1314025","521034","1009","环境技术前沿课","4");
INSERT INTO course(c_id,t_id,d_id,c_name,credit) VALUES("1314026","521035","1009","环境工程导论","5.5");
INSERT INTO course(c_id,t_id,d_id,c_name,credit) VALUES("1314027","521039","1010","素描功底培养课","5");
INSERT INTO course(c_id,t_id,d_id,c_name,credit) VALUES("1314028","521040","1010","美术设计应用发展课","3.5");




INSERT INTO student (s_id,name,sex,age,m_id,d_id,email,tel) VALUES ('2002001', '刘桂兰', '女','18','52012','1006','obqrpgmfn@yahoo.com','18953141211');
INSERT INTO student (s_id,name,sex,age,m_id,d_id,email,tel) VALUES ('2002002', '敖文', '男','18','52020','1010','lizwhdokx@hotmail.com','15088257492');
INSERT INTO student (s_id,name,sex,age,m_id,d_id,email,tel) VALUES ('2002003', '告知非', '男','20','52019','1010','pshwycdmf@gmail.com','14512366406');
INSERT INTO student (s_id,name,sex,age,m_id,d_id,email,tel) VALUES ('2002004', '马英', '男','18','52018','1009','rnijzgsmp@yahoo.com','13833898718');
INSERT INTO student (s_id,name,sex,age,m_id,d_id,email,tel) VALUES ('2002005', '崔志宣', '男','23','52017','1009','xqlopkvcz@hotmail.com','18784634927');
INSERT INTO student (s_id,name,sex,age,m_id,d_id,email,tel) VALUES ('2002006', '张晶', '女','23','52016','1008','uhyqxjzrb@gmail.com','15670705867');
INSERT INTO student (s_id,name,sex,age,m_id,d_id,email,tel) VALUES ('2002007', '李玉兰', '男','20','52015','1008','dtflzgmce@yahoo.com','13890529157');
INSERT INTO student (s_id,name,sex,age,m_id,d_id,email,tel) VALUES ('2002008', '刘子奇', '女','21','52014','1007','wjhkxotui@hotmail.com','13336763854');
INSERT INTO student (s_id,name,sex,age,m_id,d_id,email,tel) VALUES ('2002009', '张桂英', '男','28','52013','1007','skfbclhuy@gmail.com','15286750766');
INSERT INTO student (s_id,name,sex,age,m_id,d_id,email,tel) VALUES ('2002010', '侯阳', '女','21','52012','1006','qvnouytbm@yahoo.com', '15022501979');
INSERT INTO student (s_id,name,sex,age,m_id,d_id,email,tel) VALUES ('2002011', '赵萌萌', '男','20', '52011','1006','yfzkxlcos@hotmail.com','13681469326');
INSERT INTO student (s_id,name,sex,age,m_id,d_id,email,tel) VALUES ('2002012', '朱洁', '女','18','52010','1005','drpnlxqai@gmail.com','13316400357');
INSERT INTO student (s_id,name,sex,age,m_id,d_id,email,tel) VALUES ('2002013', '袁丽娟', '女','21','52009','1005','kxlnrmvsa@yahoo.com','15782254395');
INSERT INTO student (s_id,name,sex,age,m_id,d_id,email,tel) VALUES ('2002014', '李子璇', '男','19','52008','1004','hqjfonksu@hotmail.com','18839476326');
INSERT INTO student (s_id,name,sex,age,m_id,d_id,email,tel) VALUES ('2002015', '齐刚', '男','20','52007','1004','lnyzsqduv@gmail.com', '13962314502');
INSERT INTO student (s_id,name,sex,age,m_id,d_id,email,tel) VALUES ('2002016', '王晨', '女','18','52006','1003','yiwfhqlrv@yahoo.com','18581791670');
INSERT INTO student (s_id,name,sex,age,m_id,d_id,email,tel) VALUES ('2002017', '龙志强', '女','23','52005','1003','brgjtoqap@hotmail.com','15671936286');
INSERT INTO student (s_id,name,sex,age,m_id,d_id,email,tel) VALUES ('2002018', '王霸', '女','24','52004','1002','ufdmzvrje@gmail.com','13444890711');
INSERT INTO student (s_id,name,sex,age,m_id,d_id,email,tel) VALUES ('2002019', '刘芳', '女','23','52003','1002','iqoskxzru@gmail.com','18122342270');
INSERT INTO student (s_id,name,sex,age,m_id,d_id,email,tel) VALUES ('2002020', '李丹丹', '男','20', '52002','1001','rzotbhldn@hotmail.com','14508337348');
INSERT INTO student (s_id,name,sex,age,m_id,d_id,email,tel) VALUES ('2002021', '苏宁', '女','20','52001','1001','idkufpmvx@yahoo.com','18200910769');
INSERT INTO student (s_id,name,sex,age,m_id,d_id,email,tel) VALUES ('2002022', '刘澜风', '男','24','52001','1001','wakdab@163.com', '13254298554');
INSERT INTO student (s_id,name,sex,age,m_id,d_id,email,tel) VALUES ('2002023', '孙兰英', '男','21','52002','1001','asdkfja@163.com', '13148414507');
INSERT INTO student (s_id,name,sex,age,m_id,d_id,email,tel) VALUES ('2002024', '朱帆', '男','21','52003','1002','hlzmegryi@hotmail.com','13120414901');
INSERT INTO student (s_id,name,sex,age,m_id,d_id,email,tel) VALUES ('2002025', '孙颖哲', '男','22','52004','1002','jvnxbyfue@hotmail.com','13519219495');
INSERT INTO student (s_id,name,sex,age,m_id,d_id,email,tel) VALUES ('2002026', '张明', '男','21','52005','1003','tsodlhwmb@yahoo.com','15513748791');
INSERT INTO student (s_id,name,sex,age,m_id,d_id,email,tel) VALUES ('2002027', '李佳蓓', '女','18','52006','1003','ednctavkp@gmail.com','14550059443');
INSERT INTO student (s_id,name,sex,age,m_id,d_id,email,tel) VALUES ('2002028', '李佳慧', '女','24','52007','1004','iwbygztfl@hotmail.com','13214324534');
INSERT INTO student (s_id,name,sex,age,m_id,d_id,email,tel) VALUES ('2002029', '谭房水', '女','20','52008','1004','vctzqxhje@yahoo.com','13317363003');


INSERT INTO student_course(s_id,c_id,score,status) VALUES('2002025','1314021','91','修完');
INSERT INTO student_course(s_id,c_id,score,status) VALUES('2002026','1314023','93','修完');
INSERT INTO student_course(s_id,c_id,score,status) VALUES('2002026','1314025','96','修完');
INSERT INTO student_course(s_id,c_id,score,status) VALUES('2002026','1314027','98','修完');
INSERT INTO student_course(s_id,c_id,score,status) VALUES('2002026','1314028','100','修完');
INSERT INTO student_course(s_id,c_id,score,status) VALUES('2002002','1314013','45','挂科');
INSERT INTO student_course(s_id,c_id,score,status) VALUES('2002003','1314021','93','修完');
INSERT INTO student_course(s_id,c_id,status) VALUES('2002003','1314004','在修');
INSERT INTO student_course(s_id,c_id,status) VALUES('2002003','1314008','在修');
INSERT INTO student_course(s_id,c_id,score,status) VALUES('2002003','1314013','80','修完');
INSERT INTO student_course(s_id,c_id,status) VALUES('2002004','1314014','在修');
INSERT INTO student_course(s_id,c_id,score,status) VALUES('2002004','1314001','88','修完');
INSERT INTO student_course(s_id,c_id,score,status) VALUES('2002004','1314024','45','挂科');
INSERT INTO student_course(s_id,c_id,score,status) VALUES('2002005','1314028','55','挂科');
INSERT INTO student_course(s_id,c_id,score,status) VALUES('2002005','1314011','76','修完');
INSERT INTO student_course(s_id,c_id,score,status) VALUES('2002005','1314017','81','修完');
INSERT INTO student_course(s_id,c_id,score,status) VALUES('2002005','1314006','94','修完');
INSERT INTO student_course(s_id,c_id,score,status) VALUES('2002005','1314001','57','挂科');
INSERT INTO student_course(s_id,c_id,score,status) VALUES('2002006','1314002','94','修完');
INSERT INTO student_course(s_id,c_id,status) VALUES('2002006','1314003','在修');
INSERT INTO student_course(s_id,c_id,score,status) VALUES('2002005','1314016','92','修完');
INSERT INTO student_course(s_id,c_id,status) VALUES('2002004','1314017','在修');
INSERT INTO student_course(s_id,c_id,score,status) VALUES('2002004','1314019','99','修完');
INSERT INTO student_course(s_id,c_id,score,status) VALUES('2002002','1314004','79','修完');
INSERT INTO student_course(s_id,c_id,score,status) VALUES('2002001','1314008','84','修完');
INSERT INTO student_course(s_id,c_id,score,status) VALUES('2002001','1314011','81','修完');
INSERT INTO student_course(s_id,c_id,status) VALUES('2002001','1314014','在修');
INSERT INTO student_course(s_id,c_id,score,status) VALUES('2002001','1314006','94','修完');
INSERT INTO student_course(s_id,c_id,score,status) VALUES('2002002','1314001','59','修完');
INSERT INTO student_course(s_id,c_id,score,status) VALUES('2002002','1314014','65','修完');
INSERT INTO student_course(s_id,c_id,score,status) VALUES('2002002','1314024','77','修完');
INSERT INTO student_course(s_id,c_id,status) VALUES('2002002','1314026','在修');
INSERT INTO student_course(s_id,c_id,score,status) VALUES('2002006','1314004','37','挂科');
INSERT INTO student_course(s_id,c_id,score,status) VALUES('2002006','1314005','98','修完');
INSERT INTO student_course(s_id,c_id,score,status) VALUES('2002007','1314006','93','修完');
INSERT INTO student_course(s_id,c_id,status) VALUES('2002007','1314007','在修');
INSERT INTO student_course(s_id,c_id,score,status) VALUES('2002009','1314016','52','挂科');
INSERT INTO student_course(s_id,c_id,score,status) VALUES('2002009','1314017','99','修完');
INSERT INTO student_course(s_id,c_id,score,status) VALUES('2002009','1314018','100','修完');
INSERT INTO student_course(s_id,c_id,score,status) VALUES('2002010','1314019','53','挂科');
INSERT INTO student_course(s_id,c_id,score,status) VALUES('2002010','1314020','55','挂科');
INSERT INTO student_course(s_id,c_id,score,status) VALUES('2002010','1314021','59','挂科');
INSERT INTO student_course(s_id,c_id,score,status) VALUES('2002011','1314022','81','修完');
INSERT INTO student_course(s_id,c_id,score,status) VALUES('2002011','1314023','64','修完');
INSERT INTO student_course(s_id,c_id,score,status) VALUES('2002011','1314024','67','修完');
INSERT INTO student_course(s_id,c_id,status) VALUES('2002012','1314025','在修');
INSERT INTO student_course(s_id,c_id,score,status) VALUES('2002007','1314008','48','挂科');
INSERT INTO student_course(s_id,c_id,status) VALUES('2002007','1314009','在修');
INSERT INTO student_course(s_id,c_id,score,status) VALUES('2002007','1314010','76','修完');
INSERT INTO student_course(s_id,c_id,score,status) VALUES('2002008','1314011','80','修完');
INSERT INTO student_course(s_id,c_id,status) VALUES('2002008','1314012','在修');
INSERT INTO student_course(s_id,c_id,score,status) VALUES('2002008','1314013','72','修完');
INSERT INTO student_course(s_id,c_id,score,status) VALUES('2002008','1314014','57','挂科');
INSERT INTO student_course(s_id,c_id,status) VALUES('2002009','1314015','在修');
INSERT INTO student_course(s_id,c_id,score,status) VALUES('2002012','1314026','74','修完');
INSERT INTO student_course(s_id,c_id,score,status) VALUES('2002012','1314027','60','修完');
INSERT INTO student_course(s_id,c_id,score,status) VALUES('2002012','1314028','62','修完');
INSERT INTO student_course(s_id,c_id,score,status) VALUES('2002012','1314001','87','修完');
INSERT INTO student_course(s_id,c_id,status) VALUES('2002013','1314024','在修');
INSERT INTO student_course(s_id,c_id,score,status) VALUES('2002013','1314022','98','修完');
INSERT INTO student_course(s_id,c_id,score,status) VALUES('2002013','1314020','80','修完');
INSERT INTO student_course(s_id,c_id,score,status) VALUES('2002013','1314018','96','修完');
INSERT INTO student_course(s_id,c_id,score,status) VALUES('2002014','1314016','77','修完');
INSERT INTO student_course(s_id,c_id,status) VALUES('2002014','1314014','在修');
INSERT INTO student_course(s_id,c_id,score,status) VALUES('2002014','1314015','92','修完');
INSERT INTO student_course(s_id,c_id,status) VALUES('2002014','1314013','在修');
INSERT INTO student_course(s_id,c_id,score,status) VALUES('2002015','1314011','20','挂科');
INSERT INTO student_course(s_id,c_id,score,status) VALUES('2002015','1314010','31','挂科');
INSERT INTO student_course(s_id,c_id,score,status) VALUES('2002015','1314009','47','挂科');
INSERT INTO student_course(s_id,c_id,score,status) VALUES('2002016','1314008','63','修完');
INSERT INTO student_course(s_id,c_id,score,status) VALUES('2002016','1314007','88','修完');
INSERT INTO student_course(s_id,c_id,score,status) VALUES('2002017','1314006','79','修完');
INSERT INTO student_course(s_id,c_id,score,status) VALUES('2002018','1314005','61','修完');
INSERT INTO student_course(s_id,c_id,score,status) VALUES('2002018','1314004','71','修完');
INSERT INTO student_course(s_id,c_id,score,status) VALUES('2002018','1314001','84','修完');
INSERT INTO student_course(s_id,c_id,status) VALUES('2002018','1314003','在修');
INSERT INTO student_course(s_id,c_id,status) VALUES('2002019','1314002','在修');
INSERT INTO student_course(s_id,c_id,score,status) VALUES('2002019','1314004','70','修完');
INSERT INTO student_course(s_id,c_id,score,status) VALUES('2002019','1314005','99','修完');
INSERT INTO student_course(s_id,c_id,score,status) VALUES('2002020','1314006','63','修完');
INSERT INTO student_course(s_id,c_id,status) VALUES('2002020','1314007','在修');
INSERT INTO student_course(s_id,c_id,score,status) VALUES('2002020','1314011','28','挂科');
INSERT INTO student_course(s_id,c_id,score,status) VALUES('2002020','1314015','83','修完');
INSERT INTO student_course(s_id,c_id,score,status) VALUES('2002021','1314016','71','修完');
INSERT INTO student_course(s_id,c_id,score,status) VALUES('2002021','1314017','94','修完');
INSERT INTO student_course(s_id,c_id,score,status) VALUES('2002021','1314018','87','修完');
INSERT INTO student_course(s_id,c_id,score,status) VALUES('2002021','1314002','100','修完');
INSERT INTO student_course(s_id,c_id,score,status) VALUES('2002022','1314004','88','修完');
INSERT INTO student_course(s_id,c_id,score,status) VALUES('2002022','1314006','69','修完');
INSERT INTO student_course(s_id,c_id,score,status) VALUES('2002022','1314018','87','修完');
INSERT INTO student_course(s_id,c_id,score,status) VALUES('2002023','1314020','60','修完');
INSERT INTO student_course(s_id,c_id,score,status) VALUES('2002023','1314022','61','修完');
INSERT INTO student_course(s_id,c_id,status) VALUES('2002027','1314022','在修');
INSERT INTO student_course(s_id,c_id,score,status) VALUES('2002028','1314024','69','修完');
INSERT INTO student_course(s_id,c_id,score,status) VALUES('2002028','1314025','72','修完');
INSERT INTO student_course(s_id,c_id,score,status) VALUES('2002028','1314002','84','修完');
INSERT INTO student_course(s_id,c_id,status) VALUES('2002023','1314024','在修');
INSERT INTO student_course(s_id,c_id,score,status) VALUES('2002023','1314027','77','修完');
INSERT INTO student_course(s_id,c_id,score,status) VALUES('2002023','1314014','43','挂科');
INSERT INTO student_course(s_id,c_id,score,status) VALUES('2002024','1314019','95','修完');
INSERT INTO student_course(s_id,c_id,status) VALUES ('2002024','1314004','在修');
INSERT INTO student_course(s_id,c_id,score,status) VALUES('2002024','1314013','68','修完');
INSERT INTO student_course(s_id,c_id,score,status) VALUES('2002024','1314017','92','修完');
INSERT INTO student_course(s_id,c_id,score,status) VALUES('2002025','1314018','74','修完');
INSERT INTO student_course(s_id,c_id,score,status) VALUES('2002025','1314019','46','挂科');
INSERT INTO student_course(s_id,c_id,score,status) VALUES('2002027','1314014','64','修完');
INSERT INTO student_course(s_id,c_id,score,status) VALUES('2002027','1314016','48','挂科');
INSERT INTO student_course(s_id,c_id,score,status) VALUES('2002028','1314019','69','修完');
INSERT INTO student_course(s_id,c_id,score,status) VALUES('2002029','1314003','93','修完');
INSERT INTO student_course(s_id,c_id,status) VALUES('2002029','1314004','在修');
INSERT INTO student_course(s_id,c_id,score,status) VALUES('2002029','1314009','91','修完');



INSERT INTO user_admin (admin_id,admin_name,admin_pwd) VALUES ('1','冯思程','123456fsc');
INSERT INTO user_admin (admin_id,admin_name,admin_pwd) VALUES ('2','葛月','123456gy');
INSERT INTO user_admin (admin_id,admin_name,admin_pwd) VALUES ('3','冯雷','123456fl');




INSERT INTO user_student (s_id,s_pwd) VALUES ('2002001','1234561');
INSERT INTO user_student (s_id,s_pwd) VALUES ('2002002','1234562');
INSERT INTO user_student (s_id,s_pwd) VALUES ('2002003','1234563');
INSERT INTO user_student (s_id,s_pwd) VALUES ('2002004','1234564');
INSERT INTO user_student (s_id,s_pwd) VALUES ('2002005','1234565');
INSERT INTO user_student (s_id,s_pwd) VALUES ('2002006','1234566');
INSERT INTO user_student (s_id,s_pwd) VALUES ('2002007','1234567');
INSERT INTO user_student (s_id,s_pwd) VALUES ('2002008','1234568');
INSERT INTO user_student (s_id,s_pwd) VALUES ('2002009','1234569');
INSERT INTO user_student (s_id,s_pwd) VALUES ('2002010','12345610');
INSERT INTO user_student (s_id,s_pwd) VALUES ('2002011','12345611');
INSERT INTO user_student (s_id,s_pwd) VALUES ('2002012','12345612');
INSERT INTO user_student (s_id,s_pwd) VALUES ('2002013','12345613');
INSERT INTO user_student (s_id,s_pwd) VALUES ('2002014','12345614');
INSERT INTO user_student (s_id,s_pwd) VALUES ('2002015','12345615');
INSERT INTO user_student (s_id,s_pwd) VALUES ('2002016','12345616');
INSERT INTO user_student (s_id,s_pwd) VALUES ('2002017','12345617');
INSERT INTO user_student (s_id,s_pwd) VALUES ('2002018','12345618');
INSERT INTO user_student (s_id,s_pwd) VALUES ('2002019','12345619');
INSERT INTO user_student (s_id,s_pwd) VALUES ('2002020','12345620');
INSERT INTO user_student (s_id,s_pwd) VALUES ('2002021','12345621');
INSERT INTO user_student (s_id,s_pwd) VALUES ('2002022','12345622');
INSERT INTO user_student (s_id,s_pwd) VALUES ('2002023','12345623');
INSERT INTO user_student (s_id,s_pwd) VALUES ('2002024','12345624');
INSERT INTO user_student (s_id,s_pwd) VALUES ('2002025','12345625');
INSERT INTO user_student (s_id,s_pwd) VALUES ('2002026','12345626');
INSERT INTO user_student (s_id,s_pwd) VALUES ('2002027','12345627');
INSERT INTO user_student (s_id,s_pwd) VALUES ('2002028','12345628');
INSERT INTO user_student (s_id,s_pwd) VALUES ('2002029','12345629');



